id,image_id,image_name,description
0,I0,AK-MAK-187.jpg,
1,I1,AK-RAK-2007-1-A.jpg,
2,I2,BK-1956-44.jpg,
3,I3,BK-1963-101.jpg,
4,I4,BK-1996-8.jpg,
5,I5,BK-2011-58.jpg,
6,I6,BK-2012-9.jpg,
7,I7,BK-2024-24.jpg,
8,I8,BK-16676.jpg,
9,I9,BK-17401-A.jpg,
10,I10,BK-NM-1010 (2).jpg,
11,I11,NG-1992-18.jpg,
12,I12,NG-2005-24.jpg,
13,I13,NG-2010-40.jpg,
14,I14,RP-T-1895-A-3065.jpg,
15,I15,RP-T-1895-A-3070.jpg,
16,I16,SK-A-4.jpg,
17,I17,SK-A-129.jpg,
18,I18,SK-A-447.jpg,
19,I19,SK-A-1115.jpg,
20,I20,SK-A-1365.jpg,
21,I21,SK-A-1491.jpg,
22,I22,SK-A-1718.jpg,
23,I23,SK-A-1967.jpg,
24,I24,SK-A-2860.jpg,
25,I25,SK-A-3230.jpg,
26,I26,SK-A-3580.jpg,
27,I27,SK-A-4078.jpg,
28,I28,SK-A-4127.jpg,
29,I29,SK-A-4282.jpg,
30,I30,SK-A-4954.jpg,
31,I31,SK-A-5002.jpg,
32,I32,SK-A-5021.jpg,
33,I33,SK-A-5022.jpg,
34,I34,SK-A-5087.jpg,
35,I35,SK-C-5.jpg,
36,I36,SK-C-214.jpg,
37,I37,SK-C-301.jpg,
38,I38,SK-C-1776.jpg,
39,I39,SK-C-1845.jpg,
40,I40,SK-C-1847.jpg,